path,ssName,ssRegion,ssId,confidence
5 in One FunPak (USA).zip,5 In One Fun Pak,us,46279,88
[BIOS] Sega Game Gear (USA) (Majesco).zip,,us,,
Aa Harimanada (Japan).zip,Aa Harimanada,jp,59546,96
"Addams Family, The (World).zip","Addams Family, The",wor,12951,97
"Adventures of Batman & Robin, The (USA, Europe).zip","Adventures Of Batman And Robin, The","us,eu",12897,90
Aerial Assault (Japan) (Rev 1).zip,Aerial Assault,jp,12983,93
Aerial Assault (World).zip,Aerial Assault,wor,12983,97
Aladdin (Japan).zip,Disney's Aladdin,jp,12860,
"Aladdin (USA, Europe, Brazil).zip",Disney's Aladdin,,12860,
Alien 3 (Japan).zip,Alien 3,jp,12885,93
"Alien 3 (USA, Europe).zip",Alien 3,"us,eu",12885,93
Alien Syndrome (Europe).zip,Alien Syndrome,eu,12932,97
Alien Syndrome (Japan).zip,Alien Syndrome,jp,12932,97
Andre Agassi Tennis (USA).zip,Andre Agassi Tennis,us,12887,97
Andre Agassi Tennis (USA) (Beta).zip,Andre Agassi Tennis,us,12887,95
Arcade Classics (USA).zip,Arcade Classics,us,65246,97
Arch Rivals - The Arcade Game (USA).zip,Arch Rivals,us,13015,
"Arena - Maze of Death ~ Arena (USA, Europe).zip",Arena - Maze of Death,"us,eu",46283,
"Ariel the Little Mermaid (USA, Europe, Brazil).zip",Disney's Ariel The Little Mermaid,,12943,79
Arliel - Crystal Densetsu (Japan).zip,Arliel - Crystal Densetsu,jp,12968,
"Asterix and the Great Rescue (Europe) (En,Fr,De,Es,It).zip",Astérix And The Great Rescue,eu,12890,86
Asterix and the Great Rescue (USA).zip,Astérix And The Great Rescue,us,12890,88
"Asterix and the Secret Mission (Europe) (En,Fr,De).zip",Astérix And The Secret Mission,eu,12936,87
"Ax Battler - A Legend of Golden Axe (USA, Europe, Brazil) (Beta) (1991-08-10).zip",Ax Battler - A Legend of Golden Axe,,12894,
"Ax Battler - A Legend of Golden Axe ~ Golden Axe (USA, Europe, Brazil).zip",Ax Battler - A Legend of Golden Axe,,12894,
Ax Battler - Golden Axe Densetsu (Japan).zip,Ax Battler - Golden Axe Densetsu,jp,12894,98
Ayrton Senna's Super Monaco GP II (Japan).zip,Ayrton Senna's Super Monaco Gp 2,jp,12900,91
"Ayrton Senna's Super Monaco GP II (USA, Europe, Brazil).zip",Ayrton Senna's Super Monaco Gp 2,,12900,91
"Ayrton Senna's Super Monaco GP II (USA, Europe, Brazil) (Beta).zip",Ayrton Senna's Super Monaco Gp 2,,12900,90
Baku Baku Animal (Europe).zip,Baku Baku Animal,eu,12972,
Baku Baku Animal (USA).zip,Baku Baku Animal,us,12972,
Baku Baku Animal - Sekai Shiikugakari Senshu-ken (Japan).zip,Baku Baku Animal,jp,12972,
Barbie Super Model (USA) (Proto).zip,Barbie Super Model,us,65818,95
Bare Knuckle II ~ Streets of Rage 2 ~ Streets of Rage II (World).zip,Streets Of Rage 2,wor,12861,43
Bare Knuckle ~ Streets of Rage (World).zip,Bare Knuckle ~ Streets of Rage,wor,12859,
Batman Forever (World).zip,Batman Forever,wor,12879,97
Batman Returns (World).zip,Batman Returns,wor,12898,97
Batter Up (USA).zip,Batter Up,us,65658,95
Battleship - The Classic Naval Combat Game (USA).zip,Battleship - The Classic Naval Combat Game,us,46284,99
"Battletoads (Japan, Europe).zip",Battletoads,,12852,96
Battletoads (USA).zip,Battletoads,us,12852,96
"Beavis and Butt-Head (USA, Europe).zip",Beavis And Butt-head,"us,eu",65820,88
"Beavis and Butt-Head (USA, Europe) (Beta).zip",Beavis And Butt-head,"us,eu",65820,86
"Berenstain Bears' Camping Adventure, The (USA).zip","Berenstain Bears' Camping Adventure, The",us,13037,99
Berlin no Kabe (Japan).zip,Berlin No Kabe,jp,12996,90
Bishoujo Senshi Sailor Moon S (Japan).zip,Bishoujo Senshi Sailor Moon S,jp,12918,98
"Bonkers Wax Up! (USA, Europe).zip",Bonkers Wax Up!,"us,eu",13032,97
Bram Stoker's Dracula (Europe).zip,Bram Stoker's Dracula,eu,12924,98
Bram Stoker's Dracula (USA).zip,Bram Stoker's Dracula,us,12924,98
Bubble Bobble (USA).zip,Bubble Bobble,us,46285,96
Bubble Bobble (USA) (Beta).zip,Bubble Bobble,us,46285,93
"Bugs Bunny in Double Trouble (USA, Europe).zip",Bugs Bunny In Double Trouble,"us,eu",12955,95
Bust-A-Move (USA).zip,Bust-A-Move,us,12998,
Buster Ball (Japan).zip,Buster Ball,jp,88418,96
Buster Fight (Japan).zip,Buster Fight,jp,88419,96
Caesars Palace (USA).zip,Caesars Palace,us,88420,97
Captain America and the Avengers (USA).zip,Captain America And The Avengers,us,13030,92
Car Licence (Japan).zip,Car Licence,jp,88421,96
Casino FunPak (USA).zip,Casino Funpak,us,13038,89
"Castle of Illusion Starring Mickey Mouse (USA, Europe, Brazil).zip",Castle of Illusion starring Mickey Mouse,,12857,96
Cave Dude (USA) (Proto).zip,Cave Dude,us,99400,90
"Chakan (USA, Europe).zip",Chakan,"us,eu",46286,92
Championship Hockey (Europe).zip,Championship Hockey,eu,88422,97
Chase H.Q. (USA).zip,Taito Chase H.Q,us,12967,69
"Cheese Cat-Astrophe Starring Speedy Gonzales (USA, Europe) (En,Fr,De,Es).zip",Cheese Cat-astrophe Starring Speedy Gonzales,"us,eu",13031,96
"Chessmaster, The (USA, Europe, Brazil).zip","Chessmaster, The",,13022,97
"Chicago Syndicate (USA, Brazil).zip",Chicago Syndicate,,46287,97
Choplifter III (USA).zip,Choplifter 3,us,12973,81
Chuck Rock (World).zip,Chuck Rock,wor,12999,
Chuck Rock (World) (Beta).zip,Chuck Rock,wor,12999,
"Chuck Rock II - Son of Chuck (Europe, Brazil).zip",Chuck Rock 2,,12947,54
Chuck Rock II - Son of Chuck (USA).zip,Chuck Rock 2,us,12947,54
"CJ Elephant Fugitive (USA, Europe).zip",Cj Elephant Fugitive,"us,eu",88423,93
"CJ Elephant Fugitive (USA, Europe) (Beta).zip",Cj Elephant Fugitive,"us,eu",88423,90
Cliffhanger (USA).zip,Cliffhanger,us,88424,96
Clutch Hitter (USA).zip,Clutch Hitter,us,13039,96
Coca-Cola Kid (Japan).zip,Coca-cola Kid,jp,46288,89
Columns (Japan) (En).zip,Columns,jp,12952,88
Columns (Japan) (En) (Rev 1).zip,Columns,jp,12952,82
"Columns (USA, Europe, Brazil).zip",Columns,,12952,93
Cool Spot (Europe).zip,Cool Spot,eu,12892,95
Cool Spot (USA).zip,Cool Spot,us,12892,95
"Cosmic Spacehead (USA, Europe).zip",Cosmic Spacehead,"us,eu",13061,97
Crayon Shin-chan - Taiketsu! Kantam Panic!! (Japan).zip,Crayon Shin-chan - Taiketsu! Quantum Panic!!,jp,88425,93
Crazy Faces (Europe) (Proto).zip,Crazy Faces,eu,88426,92
"Crystal Warriors (USA, Europe).zip",Crystal Warriors,"us,eu",12968,97
CutThroat Island (USA).zip,Cutthroat Island,us,13016,91
CutThroat Island (USA) (Beta).zip,Cutthroat Island,us,13016,88
"Daffy Duck in Hollywood (Europe, Brazil) (En,Fr,De,Es,It).zip",Daffy Duck In Hollywood,,88427,92
David Robinson's Supreme Court (USA) (Auto Demo).zip,David Robinson's Supreme Court,us,140720,97
"Deep Duck Trouble Starring Donald Duck (USA, Europe).zip",Deep Duck Trouble Starring Donald Duck,"us,eu",12877,99
"Defenders of Oasis (USA, Europe).zip",Defenders Of Oasis,"us,eu",12928,92
"Defenders of Oasis (USA, Europe) (Beta).zip",Defenders Of Oasis,"us,eu",12928,89
"Desert Speedtrap Starring Road Runner and Wile E. Coyote (Europe) (En,Fr,De,Es,It).zip",Desert Speedtrap Starring Road Runner And Wile E. Coyote,eu,12990,96
"Desert Speedtrap Starring Road Runner and Wile E. Coyote (USA, Brazil).zip",Desert Speedtrap Starring Road Runner And Wile E. Coyote,,12990,97
"Desert Strike (Europe) (En,Fr,De,Es).zip",Desert Strike,eu,12881,93
Desert Strike - Return to the Gulf (USA).zip,Desert Strike - Return to the Gulf,us,12881,
"Devilish (Europe, Brazil).zip",Devilish,,12937,94
Devilish (Japan).zip,Devilish,jp,12937,94
Devilish (USA).zip,Devilish,us,12937,94
Donald Duck no 4-Tsu no Hihou (Japan).zip,Donald Duck no 4-Tsu no Hihou,jp,12877,
Donald Duck no Lucky Dime (Japan).zip,Donald Duck no Lucky Dime,jp,12940,
"Donald no Magical World (Japan) (En,Ja).zip",Donald No Magical World,jp,88428,92
Doraemon - Noranosuke no Yabou (Japan).zip,Doraemon - Nora No Suke No Yabou,jp,71579,86
Doraemon - Waku Waku Pocket Paradise (Japan).zip,Doraemon - Waku Waku Pocket Paradise,jp,88429,99
"Double Dragon (USA, Europe).zip",Double Dragon,"us,eu",88430,
"Double Dragon (USA, Europe) (Beta).zip",Double Dragon,"us,eu",88430,
Dr. Franken (Europe) (Proto).zip,Dr. Franken,eu,102112,92
"Dr. Robotnik's Mean Bean Machine (USA, Europe).zip",Dr. Robotnik's Mean Bean Machine,"us,eu",12883,98
Dragon - The Bruce Lee Story (Europe).zip,Dragon - The Bruce Lee Story,eu,12914,98
Dragon - The Bruce Lee Story (Europe) (Beta).zip,Dragon - The Bruce Lee Story,eu,12914,97
Dragon - The Bruce Lee Story (USA).zip,Dragon - The Bruce Lee Story,us,12914,98
"Dragon Crystal (USA, Europe).zip",Dragon Crystal,"us,eu",12920,97
Dragon Crystal - Tsurani no Meikyuu (Japan).zip,Dragon Crystal,jp,12920,56
Dropzone (Europe).zip,Dropzone,eu,13063,94
Dunk Kids (Japan).zip,Dunk Kids,jp,88431,95
Dynamite Headdy (Japan).zip,Dynamite Headdy,jp,13008,97
"Dynamite Headdy (USA, Europe).zip",Dynamite Headdy,"us,eu",13008,97
Earthworm Jim (Europe).zip,Earthworm Jim,eu,12876,96
Earthworm Jim (USA).zip,Earthworm Jim,us,12876,96
"Ecco - The Tides of Time (USA, Europe).zip",Ecco - The Tides Of Time,"us,eu",12901,94
Ecco the Dolphin (Japan).zip,Ecco The Dolphin,jp,12872,91
"Ecco the Dolphin (USA, Europe, Brazil).zip",Ecco The Dolphin,,12872,91
Ecco the Dolphin II (Japan).zip,Ecco The Dolphin,jp,12872,83
"Empire Syndicate (USA, Brazil) (Beta).zip",,,,
"Ernie Els Golf (Europe) (En,Fr,De,Es,It).zip",Ernie Els Golf,eu,46315,93
Eternal Legend - Eien no Densetsu (Japan).zip,Eternal Legend - Eien No Densetsu,jp,46316,96
"Evander Holyfield's 'Real Deal' Boxing (USA, Europe).zip",Evander Holyfield's Real Deal Boxing,"us,eu",13009,96
"Excellent Dizzy Collection, The (Europe).zip","Excellent Dizzy Collection, The",eu,13062,98
F1 - World Championship Edition (Europe).zip,F1 - World Championship Edition,eu,88432,98
"F1~ Formula One (USA, Europe).zip",F1~ Formula One,"us,eu",188995,
"F-15 Strike Eagle (USA, Europe).zip",F-15 Strike Eagle,"us,eu",12974,97
Faceball 2000 (Japan).zip,Faceball 2000,jp,13033,96
"Factory Panic (Europe, Brazil).zip",Factory Panic,,46289,96
"Fantastic Dizzy (Europe) (En,Fr,De,Es,It).zip",Fantastic Dizzy,eu,12984,94
"Fantasy Zone (USA, Brazil).zip",Fantasy Zone,,12909,96
"Fantasy Zone Gear ~ Fantasy Zone (Japan, Europe).zip",Fantasy Zone Gear,,12909,
Fatal Fury Special (Europe).zip,Fatal Fury Special,eu,12925,97
Fatal Fury Special (USA).zip,Fatal Fury Special,us,12925,97
FIFA International Soccer (Japan).zip,Fifa International Soccer,jp,12958,86
"FIFA International Soccer (USA, Europe).zip",Fifa International Soccer,"us,eu",12958,86
"FIFA Soccer 96 (USA, Europe) (En,Fr,De,Es).zip",Fifa Soccer 96,"us,eu",12905,73
"Foreman for Real (Japan, USA).zip",Foreman For Real,"us,jp",13041,91
Frank Thomas Big Hurt Baseball (USA).zip,Frank Thomas Big Hurt Baseball,us,13042,98
Fray - Shugyou Hen (Japan).zip,Fray - Shugyou Hen,jp,88433,97
Fred Couples Golf (Japan).zip,Fred Couples' Golf,jp,88434,94
Fred Couples Golf (USA).zip,Fred Couples' Golf,us,88434,94
Frogger (USA) (Proto).zip,Frogger,us,88435,88
From TV Animation Slam Dunk - Shouri e no Starting 5 (Japan).zip,"From TV Animation - Slam Dunk, Shouri e no Starting 5",jp,88436,94
G-LOC - Air Battle (Japan).zip,G-loc Air Battle,jp,12931,74
G-LOC - Air Battle (Japan) (Rev 1).zip,G-loc Air Battle,jp,12931,72
"G-LOC - Air Battle (USA, Europe, Brazil).zip",G-loc Air Battle,,12931,74
G-Sonic ~ Sonic Blast (World).zip,Sonic Blast,wor,12895,67
Galaga 2 (Europe).zip,Galaga 2,eu,65654,94
Galaga '91 (Japan).zip,Galaga '91,jp,65654,
Gamble Panic (Japan).zip,Gamble Panic,jp,65656,96
Gambler Jiko Chuushinha (Japan).zip,Gambler Jiko Chuushinha,jp,65657,98
Ganbare Gorby! (Japan).zip,Ganbare Gorby!,jp,46289,
"Garfield - Caught in the Act (USA, Europe).zip",Garfield - Caught In The Act,"us,eu",12933,91
Garou Densetsu Special (Japan).zip,Garou Densetsu Special,jp,12925,
Gear Stadium (Japan).zip,Gear Stadium,jp,65658,
Gear Stadium Heiseiban (Japan).zip,Gear Stadium Heiseiban,jp,71578,98
Gear Works (USA).zip,Gear Works,us,46291,95
"George Foreman's KO Boxing (USA, Europe).zip",George Foreman's Ko Boxing,"us,eu",13043,94
GG Aleste (Japan).zip,GG Aleste,jp,12913,
"GG Aleste II ~ Power Strike II (Japan, Europe).zip",Power Strike 2,,12867,58
GG Portrait - Pai Chen (Japan).zip,Gg Portrait - Pai Chan,jp,65659,89
GG Portrait - Yuuki Akira (Japan).zip,Gg Portrait - Yuuki Akira,jp,65660,94
GG Shinobi ~ Shinobi (World) (Rev 1).zip,GG Shinobi,wor,12864,
"GG Shinobi, The (Japan).zip",Shinobi,jp,12864,61
Global Gladiators (Europe).zip,Global Gladiators,eu,12959,97
Gojira - Kaijuu Daishingeki (Japan).zip,Godzilla - Kaijuu no Daishingeki,jp,65661,83
GP Rider (Japan).zip,Gp Rider,jp,65662,82
GP Rider (World).zip,Gp Rider,wor,65662,82
GP Rider (World) (Beta) (1994-01-04).zip,Gp Rider,wor,65662,74
"Greendog - The Beached Surfer Dude! (USA, Brazil).zip",Greendog - The Beached Surfer Dude !,,13044,97
Griffin (Japan).zip,Griffin,jp,65663,93
Gunstar Heroes (Japan).zip,Gunstar Heroes,jp,12956,97
Halley Wars (Japan).zip,Halley Wars,jp,13045,96
"Halley Wars (USA, Europe, Brazil).zip",Halley Wars,,13045,96
Head Buster (Japan).zip,Head Buster,jp,13064,96
Heavy Weight Champ (Japan).zip,Heavy Weight Champ,jp,13043,
"Home Alone (USA, Europe, Brazil).zip",Home Alone,,12960,95
Honoo no Toukyuuji - Dodge Danpei (Japan).zip,Honoo No Toukyuuji - Dodge Danpei,jp,65664,96
Hook (Europe).zip,Hook,eu,12927,89
Hook (USA).zip,Hook,us,12927,89
Hurricanes (Europe).zip,Hurricanes,eu,65665,95
Hyokkori Hyoutan-jima - Hyoutan-jima no Daikoukai (Japan).zip,Hyokkori Hyoutan-jima - Hyoutan-jima No Daikoukai,jp,65666,97
Hyper Pro Yakyuu '92 (Japan).zip,Hyper Pro Yakyuu '92,jp,65667,98
In the Wake of Vampire (Japan).zip,In the Wake of Vampire,jp,12977,
"Incredible Crash Dummies, The ~ Crash Dummy - Slick Bouya no Daichousen (World).zip","Incredible Crash Dummies, The",wor,12991,57
"Incredible Hulk, The (USA, Europe).zip","Incredible Hulk, The","us,eu",13046,98
"Indiana Jones and the Last Crusade (USA, Europe).zip",Indiana Jones And The Last Crusade - The Action Game,"us,eu",12882,76
Iron Man X-O Manowar in Heavy Metal (USA).zip,Iron Man And X-o Manowar In Heavy Metal,us,12946,88
"Itchy & Scratchy Game, The (USA, Europe).zip","Itchy And Scratchy Game, The","us,eu",65669,91
J.League GG Pro-Striker '94 (Japan).zip,J.league Gg Pro Striker '94,jp,65670,87
J.League Soccer - Dream Eleven (Japan).zip,J. League Soccer Dream Eleven,jp,71580,93
James Bond 007 - The Duel (Europe).zip,James Bond 007 - The Duel,eu,46292,98
James Pond 3 - Operation Starfi5h (Europe).zip,James Pond 3 - Operation Starfish,eu,65671,96
James Pond II - Codename RoboCod (Europe).zip,James Pond 2 - Codename - Robocod,eu,46293,88
James Pond II - Codename RoboCod (USA).zip,James Pond 2 - Codename - Robocod,us,46293,88
Jang Pung II (Korea) (Unl).zip,Jang Pung 2,,65672,80
Jeopardy! (USA).zip,Jeopardy!,us,65673,95
Jeopardy! - Sports Edition (USA).zip,Jeopardy! - Sports Edition,us,65674,98
Joe Montana Football (Japan).zip,Joe Montana Football,jp,65675,98
"Joe Montana Football (USA, Europe).zip",Joe Montana Football,"us,eu",65675,98
"Journey from Darkness - Strider Returns (USA, Europe).zip",Journey from Darkness - Strider Returns,"us,eu",12939,99
"Judge Dredd (USA, Europe).zip",Judge Dredd,"us,eu",12915,96
Junction (Japan) (En).zip,Junction,jp,13071,89
Junction (USA).zip,Junction,us,13071,94
"Jungle Book, The (Europe).zip","Jungle Book, The",eu,12904,97
"Jungle Book, The (USA).zip","Jungle Book, The",us,12904,97
Jungle Strike (USA).zip,Jungle Strike,us,65676,96
Jurassic Park (Japan).zip,Jurassic Park,jp,12862,96
"Jurassic Park (USA, Europe, Brazil).zip",Jurassic Park,,12862,96
Kaitou Saint Tail (Japan).zip,Kaitou Saint Tail,jp,65677,97
Kawasaki Superbike Challenge (Europe).zip,Kawasaki Superbike Challenge,eu,65678,98
Kawasaki Superbike Challenge (USA).zip,Kawasaki Superbike Challenge,us,65678,98
Kenyuu Densetsu Yaiba (Japan).zip,Kenyuu Densetsu Yaiba,jp,65679,98
Kick & Rush (Japan).zip,Kick & Rush,jp,65680,
Kinetic Connection (Japan).zip,Kinetic Connection,jp,46294,97
Kishin Douji Zenki (Japan).zip,Kishin Douji Zenki,jp,65681,97
"Klax (USA, Europe).zip",Klax,"us,eu",13017,89
"Krusty's Fun House (USA, Europe).zip",Krusty's Fun House,"us,eu",12950,97
Kuni-chan no Game Tengoku (Japan).zip,Kuni-chan No Game Tengoku,jp,65682,94
Kuni-chan no Game Tengoku Part 2 (Japan).zip,Kuni-chan No Game Tengoku Part 2,jp,65683,95
"Land of Illusion Starring Mickey Mouse (USA, Europe, Brazil).zip",Land Of Illusion Starring Mickey Mouse,,12902,96
Last Action Hero (USA).zip,Last Action Hero,us,12970,97
"Legend of Illusion Starring Mickey Mouse (USA, Europe).zip",Legend Of Illusion Starring Mickey Mouse,"us,eu",12944,96
Lemmings 2 - The Tribes (Europe) (Proto).zip,Lemmings 2 - The Tribes,eu,78378,96
Lemmings (World).zip,Lemmings,wor,12865,94
Lemmings (World) (Beta).zip,Lemmings,wor,12865,89
"Lion King, The (Europe).zip","Lion King ,The",eu,12863,90
"Lion King, The (Japan).zip","Lion King ,The",jp,12863,90
"Lion King, The (USA).zip","Lion King ,The",us,12863,90
"Lost World, The - Jurassic Park (USA).zip","Lost World - Jurassic Park, The",us,108001,86
"Lucky Dime Caper Starring Donald Duck, The (USA, Europe, Brazil).zip","Lucky Dime Caper Starring Donald Duck, The",,12940,99
Lunar - Sanposuru Gakuen (Japan).zip,Lunar - Sanpo-suru Gakuen,jp,46295,96
"Madden 96 (USA, Europe).zip",Madden 96,"us,eu",13047,95
Madden NFL 95 (USA).zip,Madden Nfl 95,us,13023,81
Madou Monogatari A - Dokidoki Vacation (Japan).zip,Madou Monogatari A - Dokidoki Vacation,jp,65684,99
Madou Monogatari I - 3-Tsu no Madoukyuu (Japan).zip,Madou Monogatari I - 3tsu No Madoukyuu,jp,13048,92
Madou Monogatari II - Arle 16-Sai (Japan).zip,Madou Monogatari 2 - Arle 16-sai,jp,13049,91
Madou Monogatari III - Kyuukyoku Joou-sama (Japan).zip,,,,
Madou Monogatari III - Kyuukyoku Joou-sama (Japan) (Rev 1).zip,Madou Monogatari 3 - Kyuukyoku Joou-sama,jp,13050,93
Magic Knight Rayearth 2 - Making of Magic Knight (Japan).zip,Magic Knight Rayearth 2 - Making Of Magic Knight,jp,13036,97
Magic Knight Rayearth (Japan).zip,Magic Knight Rayearth,jp,12930,98
"Magical Puzzle Popils (World) (En,Ja).zip",Magical Puzzle Popils,wor,46297,
Magical Taruruuto-kun (Japan).zip,Magical Taruruuto-kun,jp,65685,98
"Majors, The - Pro Baseball (USA).zip","Majors - Pro Baseball, The",us,65686,83
Man Overboard! (Europe).zip,S.S. Lucifer - Man Overboard,eu,13035,60
Mappy (Japan).zip,Mappy,jp,12976,91
"Marble Madness (USA, Europe).zip",Marble Madness,"us,eu",12948,97
"Marko's Magic Football (Europe) (En,Fr,De,Es).zip",Marko's Magic Football,eu,13065,96
Master of Darkness (Europe).zip,Master Of Darkness,eu,12977,92
Mega Man (USA).zip,Mega Man,us,12868,94
Megami Tensei Gaiden - Last Bible (Japan).zip,Megami Tensei Gaiden - Last Bible,jp,13003,99
Megami Tensei Gaiden - Last Bible Special (Japan).zip,Megami Tensei Gaiden - Last Bible Special,jp,12971,99
Mickey Mouse Densetsu no Oukoku - Legend of Illusion (Japan).zip,Mickey Mouse Densetsu no Oukoku,jp,12944,
Mickey Mouse no Castle Illusion (Japan).zip,Mickey Mouse no Castle Illusion,jp,12857,
Mickey Mouse no Mahou no Crystal (Japan).zip,Mickey Mouse no Mahou no Crystal,jp,12902,
Mickey's Ultimate Challenge (USA).zip,Mickey's Ultimate Challenge,us,12884,98
Micro Machines 2 - Turbo Tournament (Europe).zip,Micro Machines 2 - Turbo Tournament,eu,12989,99
"Micro Machines (USA, Europe).zip",Micro Machines,"us,eu",12896,97
"Micro Machines (USA, Europe) (Beta).zip",Micro Machines,"us,eu",12896,93
"Mighty Morphin Power Rangers (USA, Europe).zip",Mighty Morphin Power Rangers,"us,eu",12906,98
"Mighty Morphin Power Rangers (USA, Europe) (Beta) (1994-07-16).zip",Mighty Morphin Power Rangers,"us,eu",12906,95
"Mighty Morphin Power Rangers - The Movie (USA, Europe).zip",Mighty Morphin Power Rangers - The Movie,"us,eu",65411,99
MLBPA Baseball (USA).zip,Mlbpa Baseball,us,65687,69
Moldorian - Hikari to Yami no Sister (Japan).zip,Moldorian - Hikari To Yami No Sister,jp,65688,93
"Monster Truck Wars (USA, Europe).zip",Monster Truck Wars,"us,eu",65689,97
Monster World II - Dragon no Wana (Japan).zip,Monster World II - Dragon no Wana,jp,12870,
Mortal Kombat 3 (Europe).zip,Mortal Kombat 3,eu,12854,97
"Mortal Kombat (USA, Europe).zip",Mortal Kombat,"us,eu",12855,
Mortal Kombat - Shinken Kourin Densetsu (Japan).zip,Mortal Kombat - Shinken Kourin Densetsu,jp,12855,
Mortal Kombat II (World).zip,Mortal Kombat II,wor,12858,
Ms. Pac-Man (USA).zip,Ms. Pac-man,us,12965,87
Nazo Puyo 2 (Japan).zip,Nazo Puyo 2,jp,12985,96
Nazo Puyo (Japan).zip,Nazo Puyo,jp,12978,
Nazo Puyo (Japan) (Rev 1).zip,Nazo Puyo,jp,12978,95
Nazo Puyo Arle no Roux (Japan).zip,Nazo Puyo Arle No Roux,jp,13029,93
Nazo Puyo Arle no Roux (Japan) (Development Edition).zip,Nazo Puyo Arle No Roux,jp,13029,91
"NBA Action Starring David Robinson (USA, Brazil).zip",Nba Action Starring David Robinson,,13024,93
NBA Jam (Japan).zip,Nba Jam,jp,12964,67
NBA Jam (USA) (Rev 1).zip,Nba Jam,us,12964,62
"NBA Jam (USA, Europe).zip",Nba Jam,"us,eu",12964,67
NBA Jam - Tournament Edition (World).zip,Nba Jam - Tournament Edition,wor,12910,91
Neko Daisuki! (Japan).zip,Neko Daisuki!,jp,65690,96
NFL '95 (USA).zip,Nfl '95,us,13051,67
NFL Quarterback Club 96 (USA).zip,NFL Quarterback Club 96,us,65821,
NFL Quarterback Club (World).zip,NFL Quarterback Club,wor,13059,98
NHL All-Star Hockey (USA).zip,Nhl All-star Hockey,us,65822,82
"NHL Hockey (USA, Europe).zip",Nhl Hockey,"us,eu",12961,76
Ninja Gaiden (Japan).zip,Ninja Gaiden,jp,12893,96
"Ninja Gaiden (USA, Europe, Brazil).zip",Ninja Gaiden,,12893,96
Ninku 2 - Tenkuuryuu e no Michi (Japan).zip,Ninku 2 - Tenkuryu-e No Michi,jp,65824,89
Ninku (Japan).zip,Ninku,jp,65823,91
Ninku Gaiden - Hiroyuki Daikatsugeki (Japan).zip,Ninkuu Gaiden - Hiroyuki Daikatsugeki,jp,65825,97
Nomo Hideo no World Series Baseball (Japan).zip,Nomo Hideo No World Series Baseball,jp,97406,96
Off the Wall (USA) (Proto) (1992-06-28).zip,Off The Wall,us,191900,81
"Olympic Gold (Europe) (En,Fr,De,Es,It,Nl,Pt,Sv) (Rev 1).zip",Olympic Gold,eu,13025,89
"Olympic Gold (Japan, USA, Brazil) (En,Fr,De,Es,It,Nl,Pt,Sv).zip",Olympic Gold,,13025,92
"Ottifants, The (Europe) (En,Fr,De,Es,It).zip","Ottifants, The",eu,46296,93
"OutRun (Europe, Brazil).zip",Outrun,,12962,77
"OutRun (Japan, Korea).zip",Outrun,,12962,77
OutRun Europa (Europe).zip,Out Run Europa,eu,12992,93
OutRun Europa (USA).zip,Out Run Europa,us,12992,93
Pac-Attack (USA).zip,Pac-attack,us,12986,86
Pac-in-Time (USA) (Proto).zip,Pac-in-time,us,65827,83
Pac-Man (Japan) (En).zip,Pac-man,jp,12886,75
Pac-Man (USA).zip,Pac-man,us,12886,80
Panzer Dragoon Mini (Japan).zip,Panzer Dragoon Mini,jp,12911,97
Paperboy 2 (USA).zip,Paperboy 2,us,13001,95
Paperboy 2 (USA) (Beta).zip,Paperboy 2,us,13001,91
"Paperboy (USA, Europe).zip",Paperboy,"us,eu",12912,
Pengo (Europe).zip,Pengo,eu,13018,91
Pengo (Japan).zip,Pengo,jp,13018,91
Pet Club - Inu Daisuki! (Japan).zip,Pet Club - Inu Daisuki!,jp,71581,98
"Pete Sampras Tennis (USA, Europe).zip",Pete Sampras Tennis,"us,eu",13052,97
"PGA Tour 96 (USA, Europe).zip",Pga Tour 96,"us,eu",65828,78
PGA Tour Golf (USA) (Rev 1).zip,Pga Tour Golf,us,12987,
"PGA Tour Golf (USA, Europe).zip",,"us,eu",,
"PGA Tour Golf II (USA, Europe).zip",Pga Tour Golf 2,"us,eu",65829,75
Phantasy Star Adventure (Japan).zip,Phantasy Star Adventure,jp,12941,98
Phantasy Star Gaiden (Japan).zip,Phantasy Star Gaiden,jp,12975,98
"Phantom 2040 (USA, Europe).zip",Phantom 2040,"us,eu",65830,96
Pinball Dreams (USA).zip,Pinball Dreams,us,65831,97
Pocket Jansou (Japan).zip,Pocket Jansou,jp,65832,96
Poker Face Paul's Blackjack (USA).zip,Poker Faced Paul's Blackjack,us,65833,96
Poker Face Paul's Gin (USA).zip,Poker Faced Paul's Gin,us,65834,95
Poker Face Paul's Poker (USA).zip,Poker Faced Paul's Poker,us,65835,96
Poker Face Paul's Solitaire (USA).zip,Poker Faced Paul's Solitaire,us,65836,96
Pop Breaker (Japan).zip,Pop Breaker,jp,65837,96
Popeye no Beach Volleyball (Japan).zip,Popeye  Beach Volleyball,jp,65838,94
Power Drive (Europe).zip,Power Drive,eu,65839,96
"Predator 2 (USA, Europe).zip",Predator 2,"us,eu",46299,95
"Primal Rage (USA, Europe).zip",Primal Rage,"us,eu",12935,96
"Prince of Persia (USA, Europe).zip",Prince Of Persia,"us,eu",12888,91
"Prince of Persia (USA, Europe) (Beta).zip",Prince Of Persia,"us,eu",12888,88
"Pro Yakyuu '91, The (Japan).zip","Pro Yakyuu '91, The",jp,65840,97
Pro Yakyuu GG League '94 (Japan).zip,Pro Yakyuu Gg League '94,jp,65841,94
Pro Yakyuu GG League (Japan).zip,Pro Yakyuu Gg League,jp,65842,93
Psychic World (Japan) (En).zip,Psychic World,jp,13034,93
"Psychic World (USA, Europe, Brazil).zip",Psychic World,,13034,96
"Putt & Putter (Japan, Korea).zip",Putt And Putter,,13053,83
"Putt & Putter (USA, Europe, Brazil).zip",Putt And Putter,,13053,83
"Puyo Puyo (Japan) (En,Ja).zip",Puyo Puyo,jp,65843,90
Puyo Puyo Tsuu (Japan).zip,Puyo Puyo Tsuu,jp,65844,97
Puzzle & Action - Ichidanto-R (Japan).zip,Puzzle And Action - Ichidant-r,jp,65668,87
Puzzle & Action - Tanto-R (Japan).zip,Puzzle And Action - Tant-r,jp,65845,85
Puzzle Bobble (Japan).zip,Puzzle Bobble,jp,12998,96
"Quest for the Shaven Yak Starring Ren Hoek & Stimpy (USA, Europe).zip",Quest For The Shaven Yak Starring Ren Hoek And Stimpy,"us,eu",13058,91
"Quiz Gear Fight!!, The (Japan).zip","Quiz Gear Fight!!, The",jp,46314,98
R.B.I. Baseball '94 (USA).zip,R.b.i. Baseball '94,us,65846,87
R.C. Grand Prix (USA).zip,R.c. Grand Prix,us,46300,90
Rastan Saga (Japan).zip,Rastan Saga,jp,13002,96
"Revenge of Drancon (USA, Brazil).zip",Revenge of Drancon,,12966,
Riddick Bowe Boxing (Japan).zip,Riddick Bowe Boxing,jp,13054,97
Riddick Bowe Boxing (USA).zip,Riddick Bowe Boxing,us,13054,97
"Rise of the Robots (USA, Europe).zip",Rise Of The Robots,"us,eu",12945,86
Ristar ~ Ristar - The Shooting Star (World).zip,Ristar ~ Ristar - The Shooting Star,wor,12916,
Road Rash (Europe).zip,Road Rash,eu,12922,95
Road Rash (USA).zip,Road Rash,us,12922,95
RoboCop 3 (World).zip,Robocop 3,wor,12979,84
"RoboCop versus The Terminator (USA, Europe).zip",Robocop Versus The Terminator,"us,eu",12907,92
Royal Stone - Hirakareshi Toki no Tobira (Japan).zip,Royal Stone - Hirakareshi Toki No Tobira,jp,65847,96
Ryuukyuu (Japan).zip,,jp,,
Samurai Shodown (USA).zip,Samurai Shodown,us,12938,97
Samurai Spirits (Japan).zip,Samurai Spirits,jp,12938,
Scratch Golf (Japan).zip,Scratch Golf,jp,71583,96
Scratch Golf (USA).zip,Scratch Golf,us,71583,96
SD Gundam - Winner's History (Japan).zip,Sd Gundam Winner's History,jp,71584,91
Sega Game Pack 4 in 1 (Europe).zip,Sega Game Pack 4 In 1,eu,13004,93
Sega Game Pack 4 in 1 (Europe) (Beta).zip,Sega Game Pack 4 In 1,eu,13004,91
Sensible Soccer - European Champions (Europe).zip,Sensible Soccer - European Champions,eu,13026,99
Shadam Crusader - Harukanaru Oukoku (Japan).zip,Shadam Crusader - Harukanaru Oukoku,jp,12928,
Shanghai II (Japan).zip,Shanghai 2,jp,71585,82
Shanghai II (Japan) (Rev 1).zip,Shanghai 2,jp,71585,78
Shaq Fu (USA).zip,Shaq Fu,us,71586,93
Shikinjou (Japan).zip,Shikinjoh,jp,71587,84
"Shining Force Gaiden - Ensei, Jashin no Kuni e (Japan).zip",Shining Force Gaiden - Ensei Jashin No Kuni E,jp,12926,93
Shining Force Gaiden - Final Conflict (Japan).zip,Shining Force Gaiden - Final Conflict,jp,12929,99
Shining Force Gaiden II - Jashin no Kakusei (Japan).zip,Shining Force Gaiden II - Jashin no Kakusei,jp,12871,
Shining Force II - The Sword of Hajya (USA).zip,Shining Force II - The Sword of Hajya,us,12871,
Shinobi II - The Silent Fury (World).zip,Shinobi 2 - The Silent Fury,wor,12934,93
Side Pocket (USA).zip,Side Pocket,us,13055,96
"Simpsons, The - Bart vs. the Space Mutants (USA, Europe).zip","Simpsons - Bart Vs The Space Mutants, The","us,eu",12869,83
"Simpsons, The - Bart vs. the World ~ Bart World (World).zip","Simpsons - Bart Vs The World, The",wor,13019,67
"Simpsons, The - Bartman Meets Radioactive Man (USA).zip","Simpsons - Bartman Meets Radioactive Man, The",us,65819,90
Skweek (Japan).zip,Skweek,jp,12923,
"Slider (USA, Europe).zip",Slider,"us,eu",12923,92
"Smurfs Travel the World, The (Europe) (En,Fr,De,Es).zip","Smurfs Travel The World, The",eu,71588,93
"Smurfs, The (Europe) (En,Fr,De,Es).zip",Smurfs,eu,12889,
Solitaire FunPak (USA).zip,Solitaire Funpak,us,13066,91
"Solitaire Poker (USA, Europe).zip",Solitaire Poker,"us,eu",13068,97
Sonic & Tails 2 (Japan).zip,Sonic & Tails 2,jp,12878,
Sonic & Tails (Japan) (En).zip,Sonic & Tails,jp,12873,
Sonic & Tails (Japan) (En) (Sample).zip,,,,
"Sonic Chaos (USA, Europe, Brazil).zip",Sonic Chaos,,12873,96
Sonic Drift (Japan) (En).zip,Sonic Drift,jp,12880,92
Sonic Drift (Japan) (En) (Sample).zip,Sonic Drift,jp,12880,88
Sonic Drift Racing ~ Sonic Drift 2 (World).zip,Sonic Drift Racing,wor,12899,68
Sonic Labyrinth (World).zip,Sonic Labyrinth,wor,12908,97
"Sonic Spinball (USA, Europe).zip",Sonic Spinball,"us,eu",12917,97
Sonic The Hedgehog 2 (World).zip,Sonic The Hedgehog 2,wor,12853,98
Sonic The Hedgehog 2 (World) (Auto Demo).zip,Sonic The Hedgehog 2,wor,12853,95
"Sonic The Hedgehog (Japan, Europe, Brazil) (Rev 1).zip",Sonic The Hedgehog,"us,jp",12856,95
"Sonic The Hedgehog (Japan, USA).zip",Sonic The Hedgehog,"us,jp",12856,
"Sonic The Hedgehog (Japan, USA) (Proto).zip",Sonic The Hedgehog,"us,jp",12856,95
"Sonic The Hedgehog - Triple Trouble (USA, Europe).zip",Sonic The Hedgehog - Triple Trouble,"us,eu",12878,99
Soukoban (Japan).zip,Soukoban,jp,13020,94
Space Harrier (World).zip,Space Harrier,wor,12953,96
"Spider-Man (USA, Europe).zip",Spider-Man,"us,eu",12997,95
"Spider-Man - Return of the Sinister Six (USA, Europe).zip",Spider-man - Return Of The Sinister Six,"us,eu",12980,91
Spider-Man - X-Men - Arcade's Revenge (USA).zip,Spider-man And The X-men - Arcade's Revenge,us,12949,84
Spirou (Europe) (Proto).zip,Spirou,eu,71589,86
Sports Illustrated - Championship Football & Baseball (USA).zip,Sports Illustrated Championship Football And Baseball,us,71590,93
Sports Trivia (USA).zip,Sports Trivia,us,71591,96
Sports Trivia - Championship Edition (USA).zip,Sports Trivia - Championship Edition,us,71592,99
Sports Trivia - Championship Edition (USA) (Beta).zip,Sports Trivia - Championship Edition,us,71592,97
Star Trek - The Next Generation - The Advanced Holodeck Tutorial (USA).zip,Star Trek - The Next Generation - The Advanced Holodeck Tutorial,us,71593,99
Star Trek Generations - Beyond the Nexus (USA).zip,Star Trek - Generations - Beyond The Nexus,us,13028,94
Star Wars (Europe).zip,Star Wars,eu,12875,95
"Star Wars (USA, Europe).zip",Star Wars,"us,eu",12875,95
Stargate (World).zip,Stargate,wor,46304,94
Street Battle (USA) (Proto) (Unl).zip,Street Battle,us,65672,
Street Hero (USA) (Proto 1).zip,Street Hero,us,71594,92
Street Hero (USA) (Proto 2).zip,Street Hero,us,71594,92
"Striker (Europe) (En,Fr,De,Es,It).zip",Striker,eu,71595,88
Super Battletank (USA).zip,Super Battletank,us,71596,97
Super Columns (Japan).zip,Super Columns,jp,71597,96
"Super Columns (USA, Europe).zip",Super Columns,"us,eu",71597,96
Super Golf (Japan).zip,Super Golf,jp,71598,95
Super Golf (USA).zip,Super Golf,us,71598,95
"Super Kick Off (Europe) (En,Fr,De,Es,It,Nl,Pt,Sv).zip",Super Kick Off,eu,13056,93
Super Momotarou Dentetsu III (Japan).zip,Super Momotarou Dentetsu 3,jp,71599,91
"Super Monaco GP (Japan, Korea).zip",Super Monaco Gp,,12963,90
"Super Monaco GP (USA, Europe, Brazil).zip",Super Monaco Gp,,12963,90
"Super Off Road (USA, Europe).zip",Super Off Road,"us,eu",12921,97
"Super Off Road (USA, Europe) (Beta).zip",Super Off Road,"us,eu",12921,93
Super Smash T.V. (World).zip,Super Smash T.V.,wor,13027,97
"Super Space Invaders (USA, Europe).zip",Super Space Invaders,"us,eu",13010,98
"Super Star Wars - Return of the Jedi (USA, Europe).zip",Super Star Wars - Return Of The Jedi,"us,eu",12874,93
Superman - The Man of Steel (Europe).zip,Superman - The Man Of Steel,eu,71600,95
Superman - The Man of Steel (Europe) (Beta).zip,Superman - The Man Of Steel,eu,71600,93
"Surf Ninjas (USA, Europe, Brazil).zip",Surf Ninjas,,71601,96
Sylvan Tale (Japan).zip,Sylvan Tale,jp,71602,96
T2 - The Arcade Game (Japan) (En).zip,T2 - The Arcade Game,jp,12988,95
"T2 - The Arcade Game (USA, Europe).zip",T2 - The Arcade Game,"us,eu",12988,98
"Tails Adventure ~ Tails Adventures (World) (En,Ja).zip",Tails Adventure,wor,12891,59
Tails no Skypatrol (Japan).zip,Tails' Skypatrol,jp,12995,86
Taisen Mahjong HaoPai 2 (Japan).zip,Taisen Mahjong Haopai 2,jp,71604,94
Taisen Mahjong HaoPai (Japan).zip,Taisen Mahjong Haopai,jp,71603,93
Taisen-gata Daisenryaku G (Japan).zip,Taisen-gata Daisenryaku G,jp,13040,98
Taito Chase H.Q. (Japan).zip,Taito Chase H.Q,jp,12967,94
"TaleSpin (USA, Europe, Brazil).zip",Talespin,,12969,82
Tama & Friends - 3 Choume Kouen Tamalympic (Japan).zip,Tama And Friends 3 Choume Kouen - Tamalympic,jp,71605,90
Tarot no Yakata (Japan).zip,Tarot no Yakata,jp,71606,
Tarzan - Lord of the Jungle (Europe).zip,Tarzan - Lord Of The Jungle,eu,71607,91
Tatakae! Pro Yakyuu Twin League (Japan).zip,Tatakae! Pro Yakyuu Twin League,jp,71608,98
"Taz in Escape from Mars (USA, Europe).zip",Taz In Escape From Mars,"us,eu",13011,89
"Taz-Mania (USA, Europe, Brazil).zip",Taz-mania,,46305,84
Tempo Jr. (World).zip,Tempo Jr.,wor,46306,95
"Tengen World Cup Soccer (USA, Europe).zip",Tengen World Cup Soccer,"us,eu",65680,98
Terminator 2 - Judgment Day (World).zip,Terminator 2 - Judgment Day,wor,12903,98
"Terminator, The (USA, Europe).zip","Terminator, The","us,eu",12954,97
Tesserae (USA).zip,Tesserae,us,46307,94
"Tintin in Tibet (Europe) (En,Fr,De,Es,Nl,Sv).zip",Tintin Au Tibet,eu,12866,81
"Tom and Jerry - The Movie (Japan, Brazil).zip",Tom And Jerry - The Movie,,13021,94
"Tom and Jerry - The Movie (USA, Europe).zip",Tom And Jerry - The Movie,"us,eu",13021,94
Torarete Tamaruka (Japan).zip,Torarete Tamaruka,jp,71610,97
True Lies (World).zip,True Lies,wor,13005,95
"Ultimate Soccer (Japan, Europe, Brazil) (En,Fr,De,Es,It).zip",Ultimate Soccer,,13014,94
Urban Strike (USA).zip,Urban Strike,us,12981,96
Vampire - Master of Darkness (USA).zip,Master Of Darkness,us,12977,72
"Virtua Fighter Animation (USA, Europe).zip",Virtua Fighter Animation,"us,eu",12993,98
Virtua Fighter Mini (Japan).zip,Virtua Fighter Mini,jp,12993,
"VR Troopers (USA, Europe, Brazil).zip",VR Troopers,,46301,96
Wagyan Land (Japan).zip,Wagyan Land,jp,71611,96
Wheel of Fortune (USA).zip,Wheel Of Fortune,us,13060,91
WildSnake (USA) (Proto).zip,Wild Snake,us,78379,86
Wimbledon (World).zip,Wimbledon,wor,12982,95
"Winter Olympics (Japan) (En,Fr,De,Es,It,Pt,Sv,No).zip",Winter Olympics,jp,13006,94
"Winter Olympics (USA, Europe) (En,Fr,De,Es,It,Pt,Sv,No).zip",Winter Olympics,"us,eu",13006,94
Wizard Pinball (Europe).zip,Wizard Pinball,eu,71612,97
Wolfchild (Europe).zip,Wolfchild,eu,13007,95
Wonder Boy (Europe).zip,Wonder Boy,eu,12966,95
Wonder Boy (Japan).zip,Wonder Boy,jp,12966,95
Wonder Boy - The Dragon's Trap (Europe).zip,Wonder Boy - The Dragon's Trap,eu,12870,98
Wonder Boy III - The Dragon's Trap (Europe) (Beta).zip,Wonder Boy - The Dragon's Trap,eu,12870,91
Woody Pop (Japan) (En).zip,Woody Pop,jp,13057,90
"Woody Pop (USA, Europe, Brazil).zip",Woody Pop,,13057,95
"World Class Leaderboard Golf ~ World Class Leader Board (USA, Europe).zip",World Class Leader Board,"us,eu",13069,60
"World Cup USA 94 (USA, Europe) (En,Fr,De,Es,It,Nl,Pt,Sv).zip",World Cup Usa 94,"us,eu",12994,82
World Derby (Japan).zip,World Derby,jp,71614,96
World Series Baseball '95 (USA).zip,World Series Baseball '95,us,97406,
World Series Baseball (USA).zip,,,,
World Series Baseball (USA) (Rev 1).zip,World Series Baseball,us,71617,95
"WWF Raw (USA, Europe).zip",Wwf Raw,"us,eu",46308,67
"WWF Wrestlemania - Steel Cage Challenge (USA, Europe).zip",Wwf Wrestlemania Steel Cage Challenge,"us,eu",71615,91
X-Men (USA).zip,X-men,us,97405,73
"X-Men - Gamemaster's Legacy (USA, Europe).zip",X-men - Gamemaster's Legacy,"us,eu",46313,95
X-Men - Mojo World (USA).zip,X-men - Mojo World,us,13012,92
Yogi Bear in Yogi Bear's Goldrush (Europe) (Proto).zip,Yogi Bear in Yogi Bear's Goldrush,eu,46310,97
Yu Yu Hakusho - Horobishimono no Gyakushuu (Japan).zip,Yu Yu Hakusho - Horobishimono No Gyakushuu,jp,46311,96
Yu Yu Hakusho II - Gekitou! Nanakyou no Tatakai (Japan).zip,Yu Yu Hakusho 2 - Gekitou! Nanakyou No Tatakai,jp,46312,94
Zan Gear (Japan).zip,Zan Gear,jp,46309,94
Zool - Ninja of the 'Nth' Dimension (Europe).zip,Zool - Ninja of the Nth Dimension,eu,13013,96
Zool - Ninja of the 'Nth' Dimension (USA).zip,Zool - Ninja of the Nth Dimension,us,13013,96
Zool no Yume Bouken (Japan).zip,Zool no Yume Bouken,jp,13013,
Zoop (USA).zip,Zoop,us,13070,89
Zoop (USA) (Beta).zip,Zoop,us,13070,80
