path,ssName,ssRegion,ssId,confidence
21 Emon - Mezase Hotel Ou!! (Japan).zip,21 Emon - Mezase Hotel Ou!!,jp,78594,98
1943 Kai (Japan).zip,1943 Kai,jp,78593,94
[BIOS] CD-ROM System (Japan) (v1.0).zip,,jp,,
[BIOS] CD-ROM System (Japan) (v2.0).zip,,jp,,
[BIOS] CD-ROM System (Japan) (v2.1).zip,,jp,,
[BIOS] Games Express CD Card (Japan) (Blue Version).zip,,jp,,
[BIOS] Games Express CD Card (Japan) (Green Version).zip,,jp,,
[BIOS] Super CD-ROM System (Japan) (v3.0).zip,,jp,,
[BIOS] TurboGrafx CD Super System Card (USA) (v3.0).zip,,us,,
[BIOS] TurboGrafx CD System Card (USA) (v2.0).zip,,us,,
Adventure Island (Japan).zip,Adventure Island,jp,14468,
Aero Blasters (Japan).zip,Aero Blasters,jp,59772,96
Aero Blasters (USA).zip,Aero Blasters,us,59772,96
After Burner II (Japan).zip,After Burner 2,jp,14523,87
Air Zonk (USA).zip,Air Zonk,us,14526,
Alien Crush (Japan).zip,Alien Crush,jp,14543,96
Alien Crush (USA).zip,Alien Crush,us,14543,96
All Star Power League (Japan).zip,,jp,,
Andre Panza Kick Boxing (USA).zip,Andre Panza Kick Boxing,us,59818,98
Ankoku Densetsu (Japan).zip,Ankoku Densetsu,jp,14607,
Aoi Blink (Japan).zip,Aoi Blink,jp,78597,95
Appare! Gateball (Japan).zip,Appare Gateball,jp,78598,94
Armed F (Japan).zip,Formation Armed F,jp,78648,56
Artist Tool (Japan).zip,Artist Tool,jp,78599,96
Atomic Robo-Kid Special (Japan).zip,Atomic Robo-kid Special,jp,59773,94
AV Poker - World Gambler (Japan) (Unl).zip,,jp,,
Ballistix (Japan).zip,Ballistix,jp,59774,95
Ballistix (USA).zip,Ballistix,us,59774,95
Bari Bari Densetsu (Japan).zip,Bari Bari Densetsu,jp,78601,97
Barunba (Japan).zip,Barunba,jp,78602,93
Batman (Japan).zip,Batman,jp,78603,92
Battle Lode Runner (Japan).zip,Battle Lode Runner,jp,14566,97
Battle Royale (USA).zip,Battle Royale,us,59775,96
Be Ball (Japan).zip,Be Ball,jp,14556,
Benkei Gaiden (Japan).zip,Benkei Gaiden,jp,78721,96
Bikkuriman World (Japan).zip,,jp,,
Blazing Lazers (USA).zip,Blazing Lazers,us,78606,97
Blodia (Japan).zip,Blodia,jp,125863,92
Bloody Wolf (USA).zip,Bloody Wolf,us,59776,96
Bodycon Quest II (Japan) (Unl).zip,Body Conquest 2,jp,78608,67
Bomberman '93 (Japan).zip,Bomberman '93,jp,14484,96
Bomberman '93 (USA).zip,Bomberman '93,us,14484,96
"Bomberman '93 (USA, Europe) (Virtual Console).zip",Bomberman '93,"us,eu",14484,93
Bomberman '93 - Special Version (Japan).zip,Bomberman '93 Special,jp,190749,79
Bomberman '94 (Japan).zip,Bomberman '94,jp,14481,96
Bomberman (Japan).zip,Bomberman,jp,59777,95
Bomberman (USA).zip,Bomberman,us,59777,95
Bomberman - Users Battle (Japan).zip,Bomberman - Users Battle,jp,78610,98
Bonk 3 - Bonk's Big Adventure (USA).zip,,us,,
Bonk's Adventure (USA).zip,,us,,
Bonk's Revenge (USA).zip,,us,,
"Bonk's Revenge (USA, Europe) (Virtual Console).zip",,"us,eu",,
Bouken Danshaku Don - The Lost Sunheart (Japan).zip,Bouken Danshaku Don - The Lost Sunheart,jp,78609,99
Boxyboy (USA).zip,Boxyboy,us,78612,93
Bravoman (USA).zip,Bravoman,us,78613,94
Break In (Japan).zip,Break In,jp,14598,94
Bubblegum Crash! - Knight Sabers 2034 (Japan).zip,Bubblegum Crash! - Knight Sabers 2034,jp,59781,99
Bull Fight - Ring no Hasha (Japan).zip,Bull Fight - Ring No Haja,jp,59782,88
Burning Angels (Japan).zip,Burning Angels,jp,59783,97
Busou Keiji - Cyber Cross (Japan).zip,Busou Keiji - Cyber Cross,jp,78614,98
Cadash (Japan).zip,Cadash,jp,14511,92
Cadash (USA).zip,Cadash,us,14511,92
Champion Wrestler (Japan).zip,Champion Wrestler,jp,78615,97
Champions Forever Boxing (USA).zip,Champions Forever Boxing,us,78616,98
Chase H.Q. (USA).zip,Chase H.q.,us,14520,86
Chew-Man-Fu (USA).zip,Chew Man Fu,us,14556,78
Chibi Maruko-chan - Quiz de Piihyara (Japan).zip,Chibi Maruko Chan - Quiz De Piihyara,jp,78617,90
Chikudenya Toubei - Kubikiri Yakata Yori (Japan).zip,Chikudenya Toubei - Kubikiri Yakata Yori,jp,78618,99
China Warrior (USA).zip,China Warrior,us,78788,96
Chouzetsurinjin Bravoman (Japan).zip,,jp,,
Circus Lido (Japan).zip,Circus Lido,jp,78620,96
City Hunter (Japan).zip,City Hunter,jp,59789,96
Columns (Japan).zip,Columns,jp,59788,93
Coryoon - Child of Dragon (Japan).zip,Coryoon - Child Of Dragon,jp,78621,94
Cratermaze (USA).zip,Cratermaze,us,14527,95
Cross Wiber - Cyber Combat Police (Japan).zip,Cross Wiber - Cyber Combat Police,jp,59784,99
Cyber Core (Japan).zip,Cyber Core,jp,59785,95
Cyber Core (USA).zip,Cyber Core,us,59785,95
Cyber Dodge (Japan).zip,Cyber Dodge,jp,78622,96
Cyber Knight (Japan).zip,Cyber Knight,jp,59787,96
Daichi-kun Crisis - Do Natural (Japan).zip,Daichi-kun Crisis - Do Natural,jp,78623,98
Daisenpuu (Japan).zip,Daisenpuu,jp,78624,95
Darius Alpha (Japan) (SG Enhanced).zip,Darius Alpha,jp,59790,92
Darius Plus (Japan) (SG Enhanced).zip,Darius Plus,jp,59791,92
Darkwing Duck (USA).zip,Darkwing Duck,us,14487,96
Davis Cup Tennis (USA).zip,Davis Cup Tennis,us,78625,97
Dead Moon (USA).zip,Dead Moon,us,59792,95
Dead Moon - Getsu Sekai no Akumu (Japan).zip,,jp,,
Deep Blue (USA).zip,Deep Blue,us,59793,95
Deep Blue - Kaitei Shinwa (Japan).zip,Deep Blue,jp,59793,51
Detana!! TwinBee (Japan).zip,Detana!! Twinbee,jp,14541,91
Devil Crash - Naxat Pinball (Japan).zip,,jp,,
Devil's Crush (USA).zip,Devil's Crush,us,78626,96
Die Hard (Japan).zip,Die Hard,jp,14515,94
Digital Champ (Japan).zip,Digital Champ - Battle Boxing,jp,78627,65
Don Doko Don! (Japan).zip,Don Doko Don!,jp,78628,96
Doraemon - Meikyuu Daisakusen (Japan).zip,Doraemon - Meikyuu Daisakusen,jp,190750,98
Doraemon - Nobita no Dorabian Night (Japan).zip,Doraemon - Nobita No Dorabian Night,jp,59795,96
Double Dungeons (Japan).zip,Double Dungeons,jp,78630,97
Double Dungeons (USA).zip,Double Dungeons,us,78630,97
Download (Japan).zip,Download,jp,78631,94
Dragon Egg! (Japan).zip,Dragon Egg!,jp,78632,96
Dragon Saber - After Story of Dragon Spirit (Japan).zip,Dragon Saber - After Story Of Dragon Spirit,jp,78633,97
Dragon Spirit (Japan).zip,Dragon Spirit,jp,78634,96
Dragon Spirit (USA).zip,Dragon Spirit,us,78634,96
Dragon's Curse (USA).zip,Dragon's Curse,us,14468,97
Drop Off (USA).zip,Drop Off,us,78635,94
Drop Rock Hora Hora (Japan).zip,,jp,,
Dungeon Explorer (Japan).zip,Dungeon Explorer,jp,59794,97
Dungeon Explorer (USA).zip,Dungeon Explorer,us,59794,97
Dungeons & Dragons - Order of the Griffon (USA).zip,Order Of The Griffon,us,59817,58
Energy (Japan).zip,Energy,jp,78636,92
Eternal City - Toshi Tensou Keikaku (Japan).zip,,jp,,
F1 Circus '91 - World Championship (Japan).zip,F1 Circus '91 - World Championship,jp,78638,99
F1 Circus '92 - The Speed of Sound (Japan).zip,F1 Circus '92 - The Speed Of Sound,jp,78639,96
F1 Circus (Japan).zip,F1 Circus,jp,78637,95
F1 Triple Battle (Japan).zip,F1 Triple Battle,jp,78642,97
F-1 Dream (Japan).zip,F-1 Dream,jp,78640,95
F-1 Pilot - You're King of Kings (Japan).zip,F-1 Pilot - You're King Of Kings,jp,78641,95
Falcon (USA).zip,Falcon,us,78643,92
Fantasy Zone (Japan).zip,Fantasy Zone,jp,59796,96
Fantasy Zone (USA).zip,Fantasy Zone,us,59796,96
Fighting Run (Japan).zip,Fighting Run,jp,78644,96
Final Blaster (Japan).zip,Final Blaster,jp,59797,96
Final Lap Twin (Japan).zip,Final Lap Twin,jp,14593,97
Final Lap Twin (USA).zip,Final Lap Twin,us,14593,97
Final Match Tennis (Japan).zip,Final Match Tennis,jp,14577,97
Final Soldier (Japan) (En).zip,Final Soldier,jp,14580,93
Final Soldier - Special Version (Japan) (En).zip,,jp,,
Fire Pro Wrestling 2 - 2nd Bout (Japan).zip,Fire Pro Wrestling 2 - 2nd Bout,jp,78645,98
Fire Pro Wrestling 3 - Legend Bout (Japan).zip,Fire Pro Wrestling 3 - Legend Bout,jp,78646,99
Fire Pro Wrestling - Combination Tag (Japan).zip,Fire Pro Wrestling - Combination Tag,jp,78647,99
Formation Soccer - Human Cup '90 (Japan).zip,Formation Soccer - Human Cup '90,jp,78649,98
Formation Soccer - On J League (Japan).zip,Formation Soccer - On J. League,jp,78650,97
Fushigi no Yume no Alice (Japan).zip,Fushigi No Yume No Alice,jp,78651,90
Gai Flame (Japan).zip,Gai Flame,jp,78653,95
Gaia no Monshou (Japan).zip,Gaia No Monshou,jp,78652,90
Galaga '88 (Japan).zip,,jp,,
Galaga '90 (USA).zip,Galaga '90,us,14510,95
Ganbare! Golf Boys (Japan).zip,Ganbare! Golf Boys,jp,78656,97
Gekisha Boy (Japan).zip,Gekibo - Gekisha Boy,jp,78657,69
Genji Tsuushin Agedama (Japan).zip,Genji Tsuushin Agedama,jp,78658,98
Genpei Toumaden (Japan).zip,Genpei Toumaden,jp,195409,97
Genpei Toumaden - Kan no Ni (Japan).zip,Genpei Toumaden,jp,195409,70
Ghost Manor (USA).zip,Ghost Manor,us,59798,96
Gokuraku! Chuuka Taisen (Japan).zip,Gokuraku! Chuuka Taisen,jp,78661,98
Gomola Speed (Japan).zip,Gomola Speed,jp,78662,96
Gradius (Japan).zip,Gradius,jp,59799,93
Gunboat (USA).zip,Gunboat,us,14590,93
Gunhed (Japan).zip,,jp,,
Gunhed - Special Version (Japan).zip,Gunhed Special Version,jp,248910,94
Hana Taaka Daka! (Japan).zip,Hana Taaka Daka!,jp,78664,97
Hanii in the Sky (Japan).zip,Hanii In The Sky,jp,78666,85
Hanii on the Road (Japan).zip,Hanii On The Road,jp,78665,86
Hatris (Japan).zip,Hatris,jp,59801,92
Heavy Unit (Japan).zip,Heavy Unit,jp,59802,95
Hisou Kihei X-Serd (Japan).zip,Hisou Kihei - Xserd,jp,78667,84
Hit the Ice - VHL - The Official Video Hockey League (USA).zip,Hit The Ice - Vhl The Official Video Hockey League,us,78668,91
Hit the Ice - VHL - The Video Hockey League (Japan).zip,Hit The Ice - Vhl The Official Video Hockey League,jp,78668,81
Honoo no Toukyuuji - Dodge Danpei (Japan).zip,Honoo No Toukyuuji Dodge Danpei,jp,78669,92
Idol Hanafuda Fan Club (Japan) (Unl).zip,Idol Hanafuda Fan Club,jp,78670,96
Image Fight (Japan).zip,Image Fight,jp,59803,96
Impossamole (USA).zip,Impossamole,us,14604,96
J.J. & Jeff (USA).zip,,us,,
J.League Greatest Eleven (Japan).zip,J. League Greatest Eleven,jp,78671,96
Jack Nicklaus - Championship Golf (Japan).zip,,jp,,
Jack Nicklaus' Turbo Golf (USA).zip,Jack Nicklaus' Turbo Golf,us,78673,98
Jackie Chan (Japan).zip,,jp,,
Jackie Chan's Action Kung Fu (USA).zip,Jackie Chan's Action Kung Fu,us,78675,98
Jaseiken Necromancer (Japan).zip,Necromancer,jp,59814,69
Jaseiken Necromancer (Japan) (Virtual Console).zip,Necromancer,jp,59814,67
Jigoku Meguri (Japan).zip,Jigoku Meguri,jp,78676,96
Jinmu Denshou (Japan).zip,Jinmu Denshou,jp,78677,96
Juuouki (Japan).zip,Juuouki,jp,14470,93
Kaizou Choujin Shubibinman 2 - Aratanaru Teki (Japan).zip,,jp,,
Kaizou Choujin Shubibinman (Japan).zip,Kaizou Choujin Shubibinman,jp,78679,98
Kato-chan Ken-chan (Japan).zip,Kato-chan And Ken-chan,jp,78672,88
Kattobi! Takuhai-kun (Japan).zip,Kattobi! Takuhai Kun,jp,78682,88
Keith Courage in Alpha Zones (USA).zip,Keith Courage In Alpha Zones,us,78683,95
KickBall (Japan).zip,Kickball,jp,59804,82
Kiki Kaikai (Japan).zip,Kiki Kai Kai,jp,78684,83
King of Casino (Japan).zip,King Of Casino,jp,59805,90
King of Casino (USA).zip,King Of Casino,us,59805,90
Klax (Japan).zip,Klax,jp,59807,89
Klax (USA).zip,Klax,us,59807,89
Knight Rider Special (Japan).zip,Knight Rider Special,jp,78685,98
Kore ga Pro Yakyuu '89 (Japan).zip,Kore Ga Pro Yakyuu '89,jp,78686,93
Kore ga Pro Yakyuu '90 (Japan).zip,Kore Ga Pro Yakyuu '90,jp,78687,93
"Kung Fu, The (Japan).zip",,jp,,
"Kung Fu, The (Japan) (Virtual Console).zip",,jp,,
Kyuukyoku Mahjong - Idol Graphics (Japan) (Unl).zip,Kyuukyoku Mahjong - Idol Graphics,jp,78689,97
Kyuukyoku Mahjong II (Japan) (Unl).zip,Kyuukyoku Mahjong 2,jp,78688,88
Kyuukyoku Tiger (Japan).zip,Kyuukyoku Tiger,jp,78690,97
Lady Sword - Ryakudatsu Sareta 10-nin no Otome (Japan) (Unl).zip,,jp,,
Legend of Hero Tonma (Japan).zip,Legend Of Hero Tonma,jp,14583,93
Legend of Hero Tonma (USA).zip,Legend Of Hero Tonma,us,14583,93
Legendary Axe II (USA).zip,"Legendary Axe 2, The",us,14607,81
"Legendary Axe, The (USA).zip","Legendary Axe, The",us,14550,97
Lode Runner - Lost Labyrinth (Japan).zip,Lode Runner - Lost Labyrinth,jp,59808,98
Maerchen Maze (Japan).zip,Maerchen Maze,jp,78701,96
Magical Chase (Japan).zip,Magical Chase,jp,59810,96
Magical Chase (USA).zip,Magical Chase,us,59810,96
Mahjong Gakuen - Touma Soushirou Toujou (Japan).zip,Mahjong Gakuen - Touma Soushirou Toujou,jp,78692,99
Mahjong Gakuen Mild - Touma Soushirou Toujou (Japan).zip,Mahjong Gakuen Mild - Touma Soushirou Toujou,jp,78691,99
Mahjong Gokuu Special (Japan).zip,Mahjong Gokuu Special,jp,78693,98
Mahjong Haouden - Kaiser's Quest (Japan).zip,Mahjong Haou Den - Kaiser's Quest,jp,78694,94
Mahjong Shikaku Retsuden - Mahjong Wars (Japan).zip,Mahjong Shikyaku Retsuden - Mahjong Wars,jp,78695,98
Maison Ikkoku (Japan).zip,Maison Ikkoku,jp,59811,96
Makai Hakkenden Shada (Japan).zip,Makai Hakken Den Shada,jp,78697,91
Makai Prince Dorabocchan (Japan).zip,Makai Prince Dorabocchan,jp,78698,98
Makyou Densetsu (Japan).zip,,jp,,
Maniac Pro Wres - Asu e no Tatakai (Japan).zip,Maniac Pro Wres - Asu E No Tatakai,jp,78700,93
Mashin Eiyuuden Wataru (Japan).zip,,jp,,
Mesopotamia (Japan).zip,,jp,,
Metal Stoker (Japan).zip,Metal Stoker,jp,59812,96
Military Madness (USA).zip,Military Madness,us,14554,97
Mizubaku Daibouken (Japan).zip,Mizubaku Dai Bouken,jp,78703,89
Momotarou Densetsu Gaiden - Dai-1-shuu (Japan).zip,Momotarou Densetsu Gaiden Dai 1 Shuu,jp,78704,88
Momotarou Densetsu II (Japan).zip,Momotarou Densetsu 2,jp,78705,90
Momotarou Densetsu Turbo (Japan).zip,Momotarou Densetsu Turbo,jp,78706,98
Momotarou Katsugeki (Japan).zip,Momotarou Katsugeki,jp,78707,97
Monster Pro Wres (Japan).zip,Monster Pro Wrestling,jp,78814,84
Morita Shougi PC (Japan).zip,Morita Shougi Pc,jp,78709,91
Moto Roader (Japan).zip,Moto Roader,jp,14529,96
Moto Roader (USA).zip,Moto Roader,us,14529,96
Moto Roader II (Japan).zip,Moto Roader 2,jp,59813,86
Mr. Heli no Daibouken (Japan).zip,,jp,,
Narazumono Sentou Butai - Bloody Wolf (Japan).zip,Bloody Wolf,jp,59776,45
Naxat Open (Japan).zip,Naxat Open,jp,78712,95
Naxat Stadium (Japan).zip,Naxat Stadium,jp,78713,96
Nazo no Mascarade (Japan).zip,Nazo No Mascarade,jp,78714,91
Necros no Yousai (Japan).zip,Necros No Yousai,jp,78715,91
Nectaris (Japan).zip,,jp,,
Nekketsu Koukou Dodgeball-bu - PC Bangai Hen (Japan).zip,Nekketsu Koukou Dodgeball-bu - Pc Bangai Hen,jp,78716,97
Nekketsu Koukou Dodgeball-bu - PC Soccer Hen (Japan).zip,Nekketsu Koukou Dodgeball Bu - Soccer Pc Hen,jp,78717,88
Neutopia (Japan).zip,,jp,,
Neutopia (USA).zip,,us,,
Neutopia II (Japan).zip,Neutopia 2,jp,14552,82
Neutopia II (USA).zip,Neutopia 2,us,14552,82
New Adventure Island (USA).zip,New Adventure Island,us,14555,98
"NewZealand Story, The (Japan).zip","New Zealand Story, The",jp,59815,95
NHK Taiga Drama - Taiheiki (Japan).zip,Nhk Taiga Drama - Taiheiki,jp,78719,91
Night Creatures (USA).zip,Night Creatures,us,59816,97
Niko Niko Pun (Japan).zip,Niko Niko Pun,jp,78720,96
"Ninja Ryuukenden (Japan) (En,Ja,Zh).zip",,jp,,
Ninja Spirit (USA).zip,Ninja Spirit,us,14512,96
"Ninja Warriors, The (Japan).zip","Ninja Warriors, The",jp,14488,97
Obocchama-kun (Japan).zip,Obocchama Kun,jp,78723,81
Off the Wall (USA) (Proto).zip,Off the Wall,us,200255,92
Operation Wolf (Japan).zip,Operation Wolf,jp,14535,97
Ordyne (Japan).zip,Ordyne,jp,78724,92
Ordyne (USA).zip,Ordyne,us,78724,92
Out Live (Japan).zip,Out Live,jp,78725,94
Out Run (Japan).zip,Out Run,jp,14519,93
Override (Japan).zip,Override,jp,78727,94
P-47 - The Freedom Fighter (Japan).zip,P-47 - The Freedom Fighter,jp,78728,98
Pac-Land (Japan).zip,Pac-land,jp,14495,82
Pac-Land (USA).zip,Pac-land,us,14495,82
Pachio-kun - Juuban Shoubu (Japan).zip,Pachiokun - Juban Shobu,jp,78729,92
Paranoia (Japan).zip,Paranoia,jp,141201,94
Parasol Stars - The Story of Bubble Bobble III (Japan).zip,Parasol Stars - The Story Of Bubble Bobble 3,jp,78731,92
Parasol Stars - The Story of Bubble Bobble III (USA).zip,Parasol Stars - The Story Of Bubble Bobble 3,us,78731,92
Parodius Da! - Shinwa kara Owarai e (Japan).zip,Parodius Da! - Shinwa Kara Owarai He,jp,78732,94
PC Denjin - Punkic Cyborgs (Japan).zip,Pc Denjin - Punkic Cyborgs,jp,14526,94
PC Genjin 2 - Pithecanthropus Computerurus (Japan).zip,Pc Genjin 2 - Pithecanthropus Computerurus,jp,78611,96
PC Genjin 2 - Pithecanthropus Computerurus (Japan) (Virtual Console).zip,Pc Genjin 2 - Pithecanthropus Computerurus,jp,78611,95
PC Genjin 3 - Pithecanthropus Computerurus (Japan).zip,Pc Genjin 3 - Pithecanthropus Computerurus,jp,59779,96
PC Genjin 3 - Pithecanthropus Computerurus (Japan) (Sample).zip,Pc Genjin 3 - Pithecanthropus Computerurus,jp,59779,95
PC Genjin - Pithecanthropus Computerurus (Japan).zip,Pc Genjin - Pithecanthropus Computerurus,jp,59780,96
PC Pachi-Slot - Idol Gambler (Japan) (Unl).zip,Pachi-slot Pc - Idol Gambler,jp,78737,83
Populous (Japan).zip,Populous,jp,14501,94
Power Drift (Japan).zip,Power Drift,jp,14603,96
Power Eleven (Japan).zip,Power Eleven,jp,59819,96
Power Gate (Japan).zip,Power Gate,jp,78738,95
Power Golf (Japan).zip,Power Golf,jp,14567,95
Power Golf (USA).zip,Power Golf,us,14567,95
Power League 4 (Japan).zip,Power League 4,jp,78743,97
Power League 5 (Japan).zip,Power League 5,jp,78744,97
Power League '93 (Japan).zip,Power League '93,jp,78740,97
Power League (Japan).zip,Power League '93,jp,78740,
Power League II (Japan).zip,Power League 2,jp,78741,87
Power League III (Japan).zip,Power League 3,jp,78742,
Power Sports (Japan).zip,,jp,,
Power Tennis (Japan).zip,Power Tennis,jp,78746,96
Pro Tennis - World Court (Japan).zip,,jp,,
Pro Yakyuu World Stadium '91 (Japan).zip,Pro Yakyuu World Stadium '91,jp,78749,98
Pro Yakyuu World Stadium (Japan).zip,Pro Yakyuu World Stadium,jp,78748,98
Psycho Chaser (Japan).zip,Psycho Chaser,jp,78750,96
Psychosis (USA).zip,,us,,
Puzzle Boy (Japan).zip,Puzzle Boy,jp,59820,95
Puzznic (Japan).zip,Puzznic,jp,14602,93
Quiz Toukou Shashin (Japan) (Unl).zip,Quiz Toukou Shashin,jp,78751,95
R-Type (USA).zip,R-type,us,14553,77
R-Type I (Japan).zip,,jp,,
R-Type II (Japan).zip,,jp,,
Rabio Lepus Special (Japan).zip,Rabio Lepus Special,jp,78752,97
Racing Damashii (Japan).zip,Racing Damashii,jp,78753,97
Raiden (Japan).zip,Raiden,jp,14545,92
Raiden (USA).zip,Raiden,us,14545,92
Rastan Saga II (Japan).zip,Rastan Saga 2,jp,14563,86
Rock-On (Japan).zip,Rock-on,jp,78754,80
Ryuukyuu (Japan).zip,Ryukyu,jp,78757,80
S.C.I. - Special Criminal Investigation (Japan).zip,Special Criminal Investigation,jp,78772,86
Sadakichi Seven - Hideyoshi no Ougon (Japan).zip,Sadakichi 7 Series - Hideyoshi No Ougon,jp,78758,87
Saigo no Nindou - Ninja Spirit (Japan).zip,Ninja Spirit,jp,14512,56
Salamander (Japan).zip,Salamander,jp,14521,95
Samurai-Ghost (USA).zip,Samurai-ghost,us,189146,89
Sekigahara (Japan).zip,Sekigahara,jp,78760,95
Sengoku Mahjong (Japan).zip,Sengoku Mahjong,jp,78761,97
Shanghai (Japan).zip,Shanghai,jp,59822,94
Shinobi (Japan).zip,Shinobi,jp,14469,93
Shiryou Sensen - War of the Dead (Japan).zip,Shiryou Sensen,jp,59823,60
Shockman (USA).zip,Shockman,us,14601,94
Shougi Shodan Icchokusen (Japan).zip,Shougi Shodan Icchokusen,jp,78762,98
Shougi Shoshinsha Muyou (Japan).zip,Shougi Shoshinsha Muyou,jp,78763,98
SideArms (USA).zip,,us,,
SideArms - Hyper Dyne (Japan).zip,Side Arms Hyper Dyne,jp,14591,90
Silent Debuggers (Japan).zip,Silent Debuggers,jp,59828,97
Silent Debuggers (USA).zip,Silent Debuggers,us,59828,97
Sindibad - Chitei no Daimakyuu (Japan).zip,Sindibad Chitei No Dai Makyuu,jp,78765,87
Sinistron (USA).zip,Sinistron,us,78766,95
Skweek (Japan).zip,Skweek,jp,14513,92
Soldier Blade (Japan).zip,Soldier Blade,jp,14565,96
Soldier Blade (USA).zip,Soldier Blade,us,14565,96
Soldier Blade - Special Version (Japan).zip,Soldier Blade Special - Caravan Stage,jp,141206,72
Somer Assault (USA).zip,Somer Assault,us,78768,96
Son Son II (Japan).zip,Son Son 2,jp,14532,80
Sonic Spike - World Championship Beach Volleyball (USA).zip,Sonic Spike - World Championship Beach Volleyball,us,78770,99
Soukoban World (Japan).zip,,jp,,
Space Harrier (Japan).zip,Space Harrier,jp,14514,96
Space Harrier (USA).zip,Space Harrier,us,14514,96
Space Invaders - Fukkatsu no Hi (Japan).zip,Space Invaders - Fukkatsu No Hi,jp,78771,95
Spin Pair (Japan).zip,Spin Pair,jp,78773,95
Spiral Wave (Japan).zip,Spiral Wave,jp,78774,96
Splatterhouse (Japan) (En).zip,Splatterhouse,jp,78775,93
Splatterhouse (USA).zip,Splatterhouse,us,78775,96
Stratego (Japan).zip,Stratego,jp,59827,94
Street Fighter II' - Champion Edition (Japan).zip,Street Fighter 2' - Champion Edition,jp,78776,95
Strip Fighter II (Japan) (Unl).zip,Strip Fighter 2,jp,59825,85
Super Metal Crusher (Japan).zip,Super Metal Crusher,jp,59824,97
Super Momotarou Dentetsu (Japan).zip,Super Momotarou Dentetsu,jp,78778,98
Super Momotarou Dentetsu II (Japan).zip,Super Momotarou Dentetsu 2,jp,78779,93
Super Star Soldier (Japan).zip,Super Star Soldier,jp,14588,97
Super Star Soldier (USA).zip,Super Star Soldier,us,14588,97
Super Volley Ball (Japan).zip,Super Volleyball,jp,78780,88
Super Volleyball (USA).zip,Super Volleyball,us,78780,97
Susanoou Densetsu (Japan).zip,Susano O Densetsu,jp,78781,83
Taito Chase H.Q. (Japan).zip,Chase H.q.,jp,14520,67
Takahashi Meijin no Shin Bouken-jima (Japan).zip,,jp,,
Takeda Shingen (Japan).zip,Takeda Shingen,jp,78784,97
Takin' It to the Hoop (USA).zip,Takin' It To The Hoop,us,59840,88
TaleSpin (USA).zip,Talespin,us,59849,82
Tatsujin (Japan).zip,Tatsujin,jp,59848,94
Tatsujin (Japan) (Beta).zip,Tatsujin,jp,59848,89
Tatsunoko Fighter (Japan).zip,Tatsu No Ko Fighter,jp,78785,81
Ten no Koe Bank (Japan).zip,,jp,,
Tenseiryuu - Saint Dragon (Japan).zip,Tenseiryuu - Saint Dragon,jp,78787,98
Terra Cresta II - Mandoler no Gyakushuu (Japan).zip,Terra Cresta 2 - Mandoraa No Gyakushuu,jp,59847,87
Thunder Blade (Japan).zip,Thunder Blade,jp,14562,96
Tiger Road (USA).zip,Tiger Road,us,14531,95
Time Cruise (USA).zip,Time Cruise,us,78791,96
Time Cruise II (Japan).zip,,jp,,
Timeball (USA).zip,,us,,
Titan (Japan).zip,Titan,jp,14509,91
Toilet Kids (Japan).zip,Toilet Kids,jp,78792,96
Tora e no Michi (Japan).zip,,jp,,
"Tower of Druaga, The (Japan).zip","Tower Of Druaga, The",jp,78790,93
Toy Shop Boys (Japan).zip,Toy Shop Boys,jp,78795,96
Tricky (Japan).zip,,jp,,
Tricky Kick (USA).zip,Tricky Kick,us,78796,96
Tsuppari Oozumou - Heisei Ban (Japan).zip,Tsuppari Oozumou - Heisei Ban,jp,78797,98
Tsuru Teruhito no Jissen Kabushiki Bai Bai Game (Japan).zip,Tsuru Teruhito No Jissen Kabushiki Bai Bai Game,jp,78798,97
Turrican (USA).zip,Turrican,us,14546,94
TV Sports Basketball (Japan).zip,Tv Sports Basketball,jp,59844,93
TV Sports Basketball (USA).zip,Tv Sports Basketball,us,59844,93
TV Sports Football (Japan).zip,Tv Sports Football,jp,59843,92
TV Sports Football (USA).zip,Tv Sports Football,us,59843,92
TV Sports Hockey (Japan).zip,Tv Sports Hockey,jp,59841,91
TV Sports Hockey (USA).zip,Tv Sports Hockey,us,59841,91
USA Pro Basketball (Japan).zip,,jp,,
Valkyrie no Densetsu (Japan).zip,Valkyrie No Densetsu,jp,14479,93
Veigues - Tactical Gladiator (Japan).zip,Veigues - Tactical Gladiator,jp,78800,98
Veigues - Tactical Gladiator (USA).zip,Veigues - Tactical Gladiator,us,78800,98
Victory Run (USA).zip,Victory Run,us,14573,96
"Victory Run - Eikou no 13,000km (Japan).zip",Victory Run,jp,14573,51
Vigilante (Japan).zip,Vigilante,jp,14560,95
Vigilante (USA).zip,Vigilante,us,14560,95
Violent Soldier (Japan).zip,,jp,,
Volfied (Japan).zip,Volfied,jp,14606,93
W-Ring - The Double Rings (Japan).zip,W-ring - The Double Rings,jp,78804,94
Wai Wai Mahjong - Yukai na Janyuu-tachi (Japan).zip,Wai Wai Mahjong - Yukaina Janyuu Tachi,jp,78801,92
Wallaby!! - Usagi no Kuni no Kangaroo Race (Japan).zip,Wallaby!! - Usagi No Kuni No Kangaroo Race,jp,78799,94
Winning Shot (Japan).zip,Winning Shot,jp,59833,96
Wonder Momo (Japan).zip,Wonder Momo,jp,14502,96
World Beach Volley (Japan).zip,,jp,,
World Circuit (Japan).zip,World Circuit,jp,59835,96
World Class Baseball (USA).zip,World Class Baseball,us,59836,98
"World Class Baseball (USA, Europe) (Virtual Console).zip",World Class Baseball,"us,eu",59836,95
World Court Tennis (USA).zip,World Court Tennis,us,59837,97
World Jockey (Japan).zip,World Jockey,jp,78802,96
World Sports Competition (USA).zip,World Sports Competition,us,78803,98
Xevious - Fardraut Saga (Japan).zip,Xevious - Fardraut Densetsu,jp,59831,75
"Yo, Bro (USA).zip",Yo' Bro,us,59830,80
You-You Jinsei (Japan).zip,Yuu Yuu Jinsei - Victory Life,jp,78806,55
Youkai Douchuuki (Japan).zip,Youkai Douchuuki,jp,78805,97
Youkai Douchuuki (Japan) (Virtual Console).zip,Youkai Douchuuki,jp,78805,94
Zero4 Champ (Japan).zip,Zero 4 Champ,jp,78807,92
Zero4 Champ (Japan) (v1.5).zip,Zero 4 Champ,jp,78807,88
Zipang (Japan).zip,Zipang,jp,78808,92
